Year,64 knots swath km2,50 knots swath km2,34 knots swath km2,other tree cover loss km2
2020,38.82979172919212,0.15658554179026474,0.24386272901762343,0.0
