Year,34 knots swath km2,50 knots swath km2,64 knots swath km2,other tree cover loss km2
2020,10.839429824561405,7.6369590643274865,2.641476608187135,9.830570175438597
