Year,64 knots swath km2,50 knots swath km2,34 knots swath km2,other tree cover loss km2
2015,26.12564723718256,6.356372678725443,2.8133100840919987,0.0
