Year,64 knot swath,50 knot swath,34 knot swath,other tree cover loss km2
2021,60.05506708417596,0.0,11.64689151281884,0.2880414030051952
